{
  "lang":"id",
  "name":"pipeline",
  "version":"0.0.0",
  "spacy_version":">=3.7.4,<3.8.0",
  "description":"",
  "author":"",
  "email":"",
  "url":"",
  "license":"",
  "spacy_git_version":"bff8725f4",
  "vectors":{
    "width":0,
    "vectors":0,
    "keys":0,
    "name":null,
    "mode":"default"
  },
  "labels":{
    "ner":[
      "ACCIDENT",
      "BRAND",
      "CORPORATION",
      "COUNTRY",
      "DISEASE",
      "EVENT",
      "FACILITY",
      "JOBTITLE",
      "LOCATION",
      "ORGANIZATION",
      "PERSON",
      "PRODUCT",
      "QUANTITY",
      "TIME",
      "X_IDENTIFIER"
    ]
  },
  "pipeline":[
    "ner"
  ],
  "components":[
    "ner"
  ],
  "disabled":[

  ]
}